timestamp,min_ms,avg_ms,max_ms,loss_pct
2026-09-16 05:59:59,mdev = 33.389,67.661,164.015,0
2026-09-16 06:02:08,mdev = 29.957,41.488,66.957,0
2026-09-16 06:03:18,58.926,176.275,463.997,10
2026-09-16 06:07:42,36.734,59.972,172.427,0
2026-09-16 06:13:14,21.416,38.241,63.010,0
2026-09-16 06:14:23,32.999,41.280,51.510,0
2026-09-16 06:15:32,31.721,64.334,277.540,0
2026-09-16 06:31:05,26.670,173.653,330.786,30
# 2026-09-16 09:31 Speedtest Mobilfunk 5G: DL 52.89 Mbps, UL 1.12 Mbps, Ping 28ms, Status: Schwaches Signal
# 2026-09-16 LOAD TEST: 30 packets, 0% loss, min 19.311ms, avg 49.047ms, max 249.200ms, mdev 67.410ms (Bufferbloat nachgewiesen)
2026-09-16 09:54:53,44.070,50.222,55.851,0
2026-09-16 09:56:02,40.810,59.083,84.537,0
2026-09-16 09:58:37,41.627,53.754,101.070,0
2026-09-16 10:02:54,39.232,49.506,81.684,0
2026-09-16 10:40:10,41.883,59.440,73.992,0
2026-09-16 11:25:59,33.972,50.771,72.197,0
2026-09-16 11:27:08,45.335,52.411,65.349,0
2026-09-16 11:28:17,39.675,99.739,519.272,0
2026-09-16 11:29:26,41.305,49.543,69.214,0
2026-09-16 11:30:35,92.663,132.104,148.805,0
2026-09-16 11:31:44,33.531,87.408,129.800,0
2026-09-16 11:33:50,41.739,77.210,227.977,0
2026-09-16 11:36:06,81.859,274.335,574.799,20
2026-09-16 11:55:09,,,,
2026-09-16 11:56:09,26.111,30.813,42.284,20
2026-09-16 12:00:50,562.959,1845.331,2795.429,30
2026-09-16 12:19:28,26.857,58.818,210.829,0
2026-09-16 12:22:17,,,,
2026-09-16 12:23:17,42.589,251.595,1122.470,0
2026-09-16 12:24:27,43.815,86.609,164.453,0
2026-09-16 12:25:52,39.956,56.945,89.259,0
2026-09-16 12:27:39,37.599,53.593,94.692,0
2026-09-16 12:34:00,214.416,214.416,214.416,90
2026-09-16 12:36:24,,,,
2026-09-16 12:40:12,,,,
2026-09-16 12:41:12,,,,
2026-09-16 12:42:55,,,,
2026-09-16 12:46:36,,,,
2026-09-16 12:47:36,,,,
2026-09-16 12:48:36,,,,
2026-09-16 12:52:24,,,,
2026-09-16 13:00:39,,,,
2026-09-16 13:21:38,,,,
2026-09-16 13:23:16,42.649,93.176,351.371,0
2026-09-16 13:24:27,38.762,54.402,89.285,0
2026-09-16 13:26:14,,,,
2026-09-16 13:32:11,,,,
2026-09-16 13:34:40,,,,
2026-09-16 13:35:40,,,,
2026-09-16 13:36:40,,,,
2026-09-16 13:47:17,,,,
2026-09-16 13:53:47,45.642,214.090,442.198,30
2026-09-16 14:32:06,57.194,296.750,1047.952,40
2026-09-16 15:46:51,50.930,106.147,270.577,0
2026-09-16 15:48:34,57.507,66.461,75.427,0
2026-09-16 15:50:06,59.318,71.733,81.537,0
2026-09-16 15:52:01,60.124,73.963,97.670,0
2026-09-16 15:53:10,46.251,216.853,773.959,0
2026-09-16 15:56:29,48.665,88.779,145.855,0
2026-09-16 16:01:23,48.128,74.266,126.728,0
2026-09-16 16:02:32,47.465,367.987,1927.904,0
2026-09-16 16:06:32,48.288,60.610,92.486,0
2026-09-16 16:08:44,51.463,72.789,147.043,0
2026-09-16 16:11:01,41.000,54.319,63.876,0
2026-09-16 16:12:20,31.020,177.007,657.637,0
2026-09-16 16:13:29,86.535,578.413,841.112,40
2026-09-16 16:14:40,47.302,88.011,236.217,0
2026-09-16 16:19:37,47.812,129.663,491.862,0
2026-09-16 16:21:04,50.409,148.392,497.283,0
2026-09-16 16:23:41,63.485,85.018,123.080,10
2026-09-16 16:26:26,64.674,142.430,609.574,0
2026-09-16 16:28:01,62.447,162.170,534.983,0
2026-09-16 16:29:23,52.210,89.256,168.210,0
2026-09-16 16:30:58,51.497,75.650,142.255,0
2026-09-16 16:32:14,61.458,72.221,85.426,0
2026-09-16 16:34:51,62.593,81.473,155.031,0
2026-09-16 16:36:33,56.880,194.219,767.933,0
2026-09-16 16:40:33,314.926,446.571,614.519,20
2026-09-16 16:42:59,50.704,151.249,693.181,10
2026-09-16 16:45:19,54.651,109.054,197.800,10
2026-09-16 16:48:14,49.656,93.588,310.042,0
2026-09-16 16:51:02,54.080,127.980,354.828,0
2026-09-16 16:55:50,52.198,121.992,519.151,10
2026-09-16 16:57:03,78.169,252.502,840.104,20
2026-09-16 16:58:51,68.227,137.274,369.965,0
2026-09-16 17:11:22,54.649,64.153,70.420,10
2026-09-16 17:15:46,41.610,52.481,69.777,0
2026-09-16 17:16:56,40.219,125.882,584.997,0
2026-09-16 17:18:05,46.436,240.122,849.420,10
2026-09-16 17:21:52,119.552,187.455,304.669,50
2026-09-16 17:23:40,47.907,62.440,87.973,0
2026-09-16 17:26:13,70.977,81.542,90.918,0
2026-09-16 17:27:22,42.300,79.048,194.194,0
2026-09-16 17:30:09,42.393,50.576,63.118,0
2026-09-16 17:31:28,49.260,134.277,235.177,0
2026-09-16 17:37:52,48.553,137.276,227.050,0
2026-09-16 17:43:38,46.853,76.004,254.857,0
2026-09-16 17:54:17,53.858,163.233,686.443,0
2026-09-16 17:55:37,44.362,115.662,423.013,0
2026-09-16 19:10:33,42.031,44.113,45.574,0
2026-09-16 19:13:45,42.256,66.919,141.529,0
2026-09-16 19:13:47,mdev = 37.476,47.233,50.815,0
2026-09-16 19:13:49,44.120,112.450,310.820,0
2026-09-16 19:13:49,45.300,128.910,480.250,0
2026-09-16 19:19:12,mdev = 53.446,58.674,69.491,0
2026-09-16 19:21:00,mdev = 56.527,64.628,83.453,0
2026-09-16 19:23:12,mdev = 257.144,325.352,421.684,20
2026-09-16 19:23:34,mdev = 153.392,190.011,264.988,0
2026-09-16 19:23:55,mdev = 447.315,513.123,561.997,0
2026-09-16 19:24:16,mdev = 221.835,258.061,285.913,0
2026-09-16 19:24:38,mdev = 45.227,108.581,202.704,0
2026-09-16 19:30:58,mdev = 60.386,110.745,238.539,0
2026-09-16 19:31:19,mdev = 39.455,49.749,66.651,0
2026-09-16 19:32:05,mdev = 2003.217,2088.849,2174.481,60
2026-09-16 19:32:28,mdev = 68.547,179.779,398.851,0
2026-09-16 19:32:49,mdev = 55.145,61.558,74.031,0
2026-09-16 19:33:42,mdev = 51.359,74.059,129.455,0
2026-09-16 19:34:03,mdev = 50.809,103.224,179.571,0
2026-09-16 19:34:24,mdev = 48.804,93.831,181.230,20
2026-09-16 19:35:12,0.0,0.0,0.0,100
2026-09-16 19:35:32,0.0,0.0,0.0,100
2026-09-16 19:35:52,mdev = 361.741,589.487,752.309,0
2026-09-16 19:36:13,0.0,0.0,0.0,100
2026-09-16 19:36:49,0.0,0.0,0.0,100
